"Status","Start Time","Stop Time","Duration in ms","Parent Suite","Suite","Sub Suite","Test Class","Test Method","Name","Description"
"passed","Fri Sep 04 17:02:05 CST 2020","Fri Sep 04 17:02:05 CST 2020","2","","test_demo_two","TestDemoTwo","","","三位数相加：10+4+4",""
"passed","Fri Sep 04 17:02:05 CST 2020","Fri Sep 04 17:02:05 CST 2020","1","","test_demo_two","TestDemoTwo","","","三位数相加：4+6+3",""
"passed","Fri Sep 04 17:02:05 CST 2020","Fri Sep 04 17:02:05 CST 2020","2","","test_demo_two","TestDemoTwo","","","三位数相加：10+5+3",""
"passed","Fri Sep 04 17:02:05 CST 2020","Fri Sep 04 17:02:05 CST 2020","1","","test_demo_two","TestDemoTwo","","","三位数相加：4+6+1",""
"passed","Fri Sep 04 17:02:05 CST 2020","Fri Sep 04 17:02:05 CST 2020","0","","test_demo_two","TestDemoTwo","","","三位数相加：4+5+4",""
"passed","Fri Sep 04 17:02:05 CST 2020","Fri Sep 04 17:02:05 CST 2020","2","","test_demo_two","TestDemoTwo","","","三位数相加：4+4+2",""
"passed","Fri Sep 04 17:02:05 CST 2020","Fri Sep 04 17:02:05 CST 2020","0","","test_demo_two","TestDemoTwo","","","三位数相加：10+6+1",""
"passed","Fri Sep 04 17:02:05 CST 2020","Fri Sep 04 17:02:05 CST 2020","2","","test_demo_two","TestDemoTwo","","","三位数相加：10+5+1",""
"failed","Fri Sep 04 17:02:05 CST 2020","Fri Sep 04 17:02:05 CST 2020","0","","test_demo_two","TestDemoTwo","","","test_xfail[12-13]",""
"passed","Fri Sep 04 17:02:05 CST 2020","Fri Sep 04 17:02:05 CST 2020","0","","test_demo_two","TestDemoTwo","","","三位数相加：4+6+4",""
"passed","Fri Sep 04 17:02:05 CST 2020","Fri Sep 04 17:02:05 CST 2020","4","","test_demo_two","TestDemoTwo","","","三位数相加：4+5+1",""
"skipped","Fri Sep 04 17:02:05 CST 2020","Fri Sep 04 17:02:05 CST 2020","0","","test_demo_two","TestDemoTwo","","","test_skip[1-2]",""
"passed","Fri Sep 04 17:02:05 CST 2020","Fri Sep 04 17:02:05 CST 2020","2","","test_demo_two","TestDemoTwo","","","三位数相加：10+4+2",""
"passed","Fri Sep 04 17:02:05 CST 2020","Fri Sep 04 17:02:05 CST 2020","1","","test_demo_two","TestDemoTwo","","","三位数相加：4+5+3",""
"passed","Fri Sep 04 17:02:05 CST 2020","Fri Sep 04 17:02:05 CST 2020","1","","test_demo_two","TestDemoTwo","","","test_skipif",""
"passed","Fri Sep 04 17:02:05 CST 2020","Fri Sep 04 17:02:05 CST 2020","2","","test_demo_two","TestDemoTwo","","","三位数相加：4+5+2",""
"passed","Fri Sep 04 17:02:05 CST 2020","Fri Sep 04 17:02:05 CST 2020","2","","test_demo_two","TestDemoTwo","","","三位数相加：4+4+3",""
"passed","Fri Sep 04 17:02:05 CST 2020","Fri Sep 04 17:02:05 CST 2020","1","","test_demo_two","TestDemoTwo","","","三位数相加：10+5+4",""
"passed","Fri Sep 04 17:02:05 CST 2020","Fri Sep 04 17:02:05 CST 2020","0","","test_demo_two","TestDemoTwo","","","三位数相加：10+4+3",""
"passed","Fri Sep 04 17:02:05 CST 2020","Fri Sep 04 17:02:05 CST 2020","2","","test_demo_two","TestDemoTwo","","","三位数相加：4+4+4",""
"passed","Fri Sep 04 17:02:05 CST 2020","Fri Sep 04 17:02:05 CST 2020","1","","test_demo_two","TestDemoTwo","","","三位数相加：10+6+4",""
"failed","Fri Sep 04 17:02:20 CST 2020","Fri Sep 04 17:02:20 CST 2020","1","","test_demo_two","TestDemoTwo","","","test_flaky",""
"failed","Fri Sep 04 17:02:05 CST 2020","Fri Sep 04 17:02:05 CST 2020","0","","test_demo_two","TestDemoTwo","","","两位数相加",""
"passed","Fri Sep 04 17:02:05 CST 2020","Fri Sep 04 17:02:05 CST 2020","1","","test_demo_two","TestDemoTwo","","","三位数相加：10+6+3",""
"passed","Fri Sep 04 17:02:05 CST 2020","Fri Sep 04 17:02:05 CST 2020","2","","test_demo_two","TestDemoTwo","","","三位数相加：4+4+1",""
"passed","Fri Sep 04 17:02:05 CST 2020","Fri Sep 04 17:02:05 CST 2020","1","","test_demo_two","TestDemoTwo","","","三位数相加：10+6+2",""
"passed","Fri Sep 04 17:02:05 CST 2020","Fri Sep 04 17:02:05 CST 2020","0","","test_demo_two","TestDemoTwo","","","两位数相加",""
"passed","Fri Sep 04 17:02:05 CST 2020","Fri Sep 04 17:02:05 CST 2020","0","","test_demo_two","TestDemoTwo","","","三位数相加：10+5+2",""
"passed","Fri Sep 04 17:02:05 CST 2020","Fri Sep 04 17:02:05 CST 2020","1","","test_demo_two","TestDemoTwo","","","三位数相加：4+6+2",""
"passed","Fri Sep 04 17:02:05 CST 2020","Fri Sep 04 17:02:05 CST 2020","1","","test_demo_two","TestDemoTwo","","","三位数相加：10+4+1",""
